0.24,0.22449,0.22621,0.23155,0.24122,0.2566,0.28028,0.31724,0.3773,0.47779,0.6153,0.73424,1.1581,0.91867,0.91246,0.82999,0.9969,0.78789,0.46877,0.37339,0.4408,1.1579,0.35198,0.20525,0.22564,0.35996,0.45736,0.40626,0.19855,0.17325,0.18778,0.46957,0.59227,0.36323,0.31457,0.33708,0.507,0.50759,0.18783,0.14762,0.14609,0.15792,0.65637,0.2994,0.23977,0.23729,0.2977,0.84304,0.20615,0.1698,0.16707,0.186,0.59649,0.25467,0.21716,0.21472,0.2335,0.61559,0.16608,0.14735,0.15206,0.15245,0.26824,0.26812,0.19219,0.18449,0.18483,0.24127,0.25988,0.19902,0.20019,0.21304,0.27687,0.29128,0.13616,0.13652,0.13229,0.15724,0.39946,0.21057,0.19364,0.18641,0.18739,0.58457,0.20726,0.20052,0.20431,0.22973,0.72862,0.174,0.16773,0.1701,0.1759,0.66534,0.18859,0.18086,0.18083,0.18527,0.38274,0.20643,0.18111,0.1826,0.19023,0.3202,0.18691,0.16552,0.16609,0.16532,0.20432,0.28879,0.19179,0.18555,0.18596,0.23848,0.27034,0.17863,0.17775,0.17892,0.19127,0.43317,0.18469,0.18043,0.18114,0.19031,0.52792,0.18133,0.17772,0.17793,0.18264,1.3969
0.37,0.22811,0.22913,0.23231,0.23796,0.24675,0.25988,0.27963,0.32713,0.43181,0.63942,1.1362,0.98758,0.89619,0.80987,0.70952,0.67093,0.78209,1.0718,0.93898,0.97194,0.65878,0.73079,0.61799,0.39682,0.40077,0.67431,0.43253,0.81872,0.46642,0.48,0.89215,0.67429,0.46416,0.38183,0.42,0.64302,1.3617,0.3362,0.24824,0.22761,0.29568,0.73373,0.31721,0.26554,0.25806,0.28169,0.69363,0.3763,0.25574,0.2185,0.19017,0.89641,0.35002,0.29873,0.2936,0.33116,0.81364,0.19028,0.20357,0.23002,0.29162,0.71959,0.67151,0.33057,0.30587,0.35072,0.78298,0.40367,0.26144,0.22738,0.22531,0.27213,0.42582,0.23423,0.2235,0.22393,0.29582,0.6045,0.27806,0.2533,0.26235,0.34739,1.1321,0.28254,0.22463,0.22457,0.2589,0.88493,0.21725,0.20762,0.20849,0.21347,0.5165,0.27288,0.20926,0.20581,0.21389,0.54719,0.30205,0.24162,0.2332,0.23868,0.3568,0.27342,0.22394,0.2234,0.23205,0.3648,0.25133,0.19939,0.20124,0.20235,0.2492,0.43779,0.26309,0.24471,0.25367,0.31606,0.47205,0.21278,0.20832,0.2074,0.2126,0.95933,0.23811,0.21938,0.214,0.21031,1.1332
0.17,0.44298,0.44392,0.44684,0.45209,0.4604,0.47317,0.49335,0.52844,0.6207,0.69277,0.80736,1.1155,0.73283,0.85497,1.4826,1.0228,0.59575,0.48281,0.44357,0.43898,0.90677,0.34708,0.37849,0.38247,0.40207,0.70677,0.59991,0.42943,0.40504,0.39984,0.47657,0.71645,0.54115,0.51455,0.52245,0.58311,0.60587,0.38599,0.3948,0.41017,0.44524,1.1455,0.40405,0.40269,0.40806,0.41535,1.1547,0.42832,0.41618,0.41166,0.40764,0.7614,0.46949,0.44164,0.43637,0.44068,0.69827,0.42623,0.4246,0.42499,0.42958,0.61291,0.51826,0.45101,0.4501,0.4651,0.54012,0.51916,0.41974,0.41968,0.42567,0.443,0.7094,0.39025,0.39349,0.39382,0.4538,0.73104,0.43596,0.42588,0.42254,0.42686,0.87862,0.45215,0.43709,0.43501,0.44371,1.1555,0.44335,0.43399,0.4358,0.44972,0.86973,0.43407,0.42428,0.42722,0.43858,0.6431,0.45244,0.41289,0.41425,0.41698,0.59169,0.48051,0.41164,0.40856,0.40388,0.50015,0.49666,0.44118,0.43454,0.4372,0.47227,0.58436,0.44439,0.43632,0.43944,0.46494,0.71291,0.42745,0.42543,0.42926,0.44481,0.93457,0.41538,0.41519,0.41722,0.42446,1.2602
0.1,0.1275,0.12845,0.13139,0.14208,0.16178,0.19197,0.23877,0.31373,0.45507,0.66731,0.93807,1.1294,1.1684,1.1173,1.0503,1.0948,0.91588,0.5558,0.70285,0.98931,0.6488,0.87489,0.46332,0.33732,0.33165,0.55236,0.34189,0.36772,0.31613,0.369,0.73365,0.66998,0.2552,0.19288,0.1875,0.28196,0.63861,0.45808,0.35281,0.37682,0.59698,0.65686,0.64948,0.35552,0.31911,0.41672,0.98218,0.25022,0.16498,0.1569,0.1796,0.48749,0.30704,0.19882,0.19649,0.24055,0.5788,0.51371,0.24229,0.20858,0.22089,0.41009,0.26232,0.1556,0.14134,0.16447,0.36127,0.34748,0.19202,0.16711,0.16822,0.26992,0.35637,0.16526,0.14391,0.14734,0.20713,0.82562,0.21392,0.18418,0.18879,0.25314,1.0459,0.21899,0.17718,0.18081,0.25265,1.1147,0.2291,0.17494,0.1671,0.18296,0.60599,0.18461,0.15421,0.15636,0.1816,0.524,0.16822,0.12899,0.12446,0.12913,0.25107,0.30765,0.18719,0.16813,0.17754,0.28831,0.28679,0.17889,0.16564,0.17234,0.22025,0.23255,0.14486,0.14044,0.14997,0.20104,0.41116,0.13581,0.12649,0.12828,0.14928,0.83385,0.19901,0.16978,0.16537,0.18498,0.99736
0.26,0.38572,0.3871,0.39137,0.39891,0.41045,0.42733,0.45206,0.4902,0.58386,0.90232,1.4459,1.5408,1.3296,1.2846,1.1743,1.1923,0.86015,0.60872,0.50878,0.56458,0.95449,0.48609,0.26662,0.25009,0.28141,0.8416,0.63784,0.41373,0.40754,0.48196,0.73859,0.63604,0.32973,0.29943,0.30801,0.42849,0.74825,0.77349,0.52241,0.51261,0.76659,0.89501,0.33297,0.30426,0.29651,0.31261,1.1841,0.38692,0.36201,0.36182,0.41239,0.73718,0.38489,0.23263,0.22823,0.25488,0.75745,0.29566,0.27078,0.27106,0.27986,0.40798,0.34443,0.25215,0.25318,0.25175,0.39609,0.40545,0.30988,0.30832,0.33168,0.4825,0.49793,0.30307,0.29244,0.29786,0.33547,0.80158,0.32645,0.30861,0.31176,0.35817,0.85353,0.2854,0.27062,0.26555,0.28061,1.3078,0.3098,0.2949,0.29698,0.31568,0.61937,0.28946,0.2476,0.24942,0.24775,0.6512,0.28003,0.27135,0.2719,0.27844,0.39439,0.33238,0.25743,0.25733,0.25664,0.37534,0.35926,0.26734,0.27018,0.28033,0.36342,0.42987,0.29017,0.28221,0.2847,0.30564,0.69174,0.2585,0.26397,0.26817,0.2897,0.73555,0.2873,0.27443,0.27218,0.27791,1.6156
0.36,0.27622,0.2774,0.28102,0.28726,0.29628,0.30767,0.31861,0.34287,0.4454,0.61773,0.80017,0.77759,0.80501,0.88351,0.96082,0.86844,1.0454,1.21,1.0361,1.1551,1.0259,0.71135,0.37931,0.34325,0.36334,0.55794,0.45865,0.32602,0.2739,0.26823,0.28807,0.61623,0.31271,0.25367,0.25449,0.35919,0.99488,0.24145,0.20659,0.21974,0.32788,0.74005,0.29526,0.23813,0.23296,0.26515,0.86527,0.26161,0.20985,0.21539,0.27924,1.1126,0.31128,0.26668,0.26816,0.30671,0.64747,0.27446,0.20041,0.20077,0.22706,0.41486,0.27788,0.19602,0.1885,0.19046,0.32196,0.34587,0.24161,0.22664,0.2281,0.26123,0.34674,0.1598,0.17513,0.18971,0.23767,0.24416,0.192,0.19143,0.19362,0.21009,0.55916,0.25081,0.23082,0.23947,0.28389,1.0523,0.28653,0.25469,0.26365,0.348,0.78396,0.31727,0.26228,0.25264,0.26858,0.47948,0.28157,0.19969,0.18352,0.18395,0.28179,0.21169,0.19397,0.19129,0.19269,0.22508,0.2047,0.17717,0.17725,0.17767,0.17531,0.21754,0.1826,0.1794,0.1787,0.21323,0.28851,0.21388,0.21054,0.21743,0.25175,0.62621,0.16912,0.17184,0.17895,0.19957,0.99728
0.11,0.49977,0.50375,0.51614,0.53846,0.5737,0.62718,0.70779,0.83556,1.0772,1.3581,1.5956,1.2402,1.1226,1.3789,1.883,1.6381,1.5903,1.2739,1.1065,1.2366,1.4848,1.1522,0.79847,0.73348,0.85064,1.2422,0.87934,0.47314,0.35098,0.37081,0.79616,1.1325,0.68151,0.56517,0.56554,0.80235,0.85315,0.37234,0.38265,0.36855,0.49402,1.076,0.71752,0.51265,0.51053,0.63734,1.2953,0.56747,0.43711,0.41626,0.47766,1.0254,0.34253,0.26665,0.27721,0.34197,0.76609,0.52436,0.35616,0.33307,0.37073,0.69054,0.54421,0.37514,0.36091,0.40718,0.9996,0.61644,0.39701,0.37047,0.40597,0.63577,0.72116,0.45973,0.38499,0.39902,0.49888,0.84416,0.44764,0.37844,0.3791,0.47324,0.89142,0.3556,0.32409,0.33653,0.42755,1.1371,0.38924,0.32826,0.33519,0.41726,1.1572,0.38699,0.29884,0.29394,0.34357,0.74817,0.50542,0.38581,0.3641,0.39563,0.63455,0.43064,0.29729,0.28505,0.31983,0.55759,0.56962,0.36401,0.33059,0.34482,0.47481,0.60627,0.38581,0.36009,0.38656,0.53467,0.80748,0.35636,0.27629,0.28446,0.37685,0.93561,0.43423,0.35585,0.34325,0.38811,1.6601
0.13,0.16574,0.16838,0.17663,0.19155,0.21527,0.25185,0.30918,0.40429,0.58061,0.99764,1.0331,0.75494,0.59551,0.71921,1.3648,1.6836,0.52792,0.32028,0.24124,0.25669,1.0869,0.28055,0.16774,0.14498,0.14658,0.28008,0.19399,0.10827,0.099314,0.11374,0.23705,0.5181,0.25972,0.22563,0.24558,0.40003,0.58691,0.18179,0.14195,0.15351,0.26051,0.62491,0.24078,0.16306,0.15574,0.24829,0.68313,0.26555,0.19917,0.19702,0.25989,0.69779,0.33009,0.18427,0.15717,0.17732,0.49865,0.21665,0.13128,0.11638,0.11606,0.24792,0.17647,0.12214,0.11472,0.11621,0.17102,0.20417,0.12008,0.11057,0.10802,0.14864,0.30074,0.14109,0.12681,0.12721,0.1589,0.38765,0.11545,0.10968,0.11534,0.15198,0.64442,0.16982,0.13543,0.13484,0.17598,0.81009,0.16411,0.12956,0.12732,0.14942,0.50772,0.15527,0.11358,0.10701,0.11718,0.2962,0.20182,0.14355,0.13447,0.14131,0.29027,0.15573,0.11481,0.11001,0.11501,0.17152,0.22898,0.13078,0.1238,0.12921,0.18007,0.22416,0.11277,0.1074,0.11028,0.14652,0.44758,0.13461,0.12325,0.12604,0.15518,0.53863,0.11847,0.10907,0.10972,0.12182,0.96457
0.28,0.16896,0.17026,0.17432,0.18163,0.1932,0.21088,0.23833,0.28335,0.36599,0.56348,0.82902,0.84904,0.65658,0.85617,0.50227,0.7449,0.9433,0.3992,0.28527,0.32515,0.91775,0.4822,0.1967,0.17076,0.20173,0.54856,0.25044,0.14461,0.12339,0.12296,0.17785,0.23292,0.1087,0.10424,0.11115,0.13935,0.438,0.14645,0.12853,0.12829,0.15016,0.51392,0.13675,0.11456,0.11498,0.13741,0.6994,0.12906,0.10772,0.10321,0.097433,0.41348,0.14245,0.12886,0.12912,0.13961,0.2613,0.093697,0.10297,0.10822,0.1157,0.17579,0.12351,0.086937,0.091594,0.092419,0.093943,0.12509,0.10645,0.10214,0.09819,0.097438,0.15956,0.12211,0.11893,0.12227,0.14101,0.33828,0.090574,0.089744,0.091194,0.093822,0.29222,0.11304,0.10739,0.10538,0.104,0.63031,0.10792,0.10641,0.10644,0.10738,0.29938,0.099485,0.10221,0.10298,0.10397,0.16948,0.10381,0.10268,0.10216,0.10092,0.11252,0.10724,0.10571,0.10513,0.10482,0.10956,0.11507,0.1057,0.10622,0.10756,0.11249,0.096891,0.099539,0.10094,0.10117,0.099578,0.17496,0.10754,0.10571,0.10507,0.10536,0.41689,0.11053,0.10738,0.10631,0.10534,1.0539
0.37,0.32051,0.32132,0.3239,0.32877,0.33876,0.35916,0.39531,0.46641,0.65061,0.88883,1.2353,0.8655,0.87031,1.015,1.0331,1.1909,0.88897,0.57218,0.54243,0.63591,1.0328,0.524,0.50252,0.46353,0.50057,0.88088,0.6048,0.45563,0.45501,0.51587,0.88121,0.96365,0.45134,0.36718,0.37711,0.492,0.88328,0.41941,0.40047,0.42371,0.55057,0.91469,0.38142,0.32863,0.32934,0.39929,0.69992,0.46204,0.39089,0.39797,0.47859,1.2176,0.90712,0.51025,0.46307,0.53255,0.73655,0.45263,0.35707,0.34588,0.40444,0.72032,0.52191,0.37671,0.35547,0.39186,0.64826,0.61847,0.37121,0.32852,0.35035,0.4841,1.1532,0.45028,0.40057,0.40396,0.49761,0.59982,0.34301,0.31433,0.31855,0.3787,0.99935,0.4472,0.38794,0.38169,0.42675,1.0766,0.40736,0.34291,0.34216,0.3898,0.73271,0.40911,0.35889,0.3558,0.38608,0.66406,0.47359,0.35747,0.34784,0.37036,0.60222,0.4549,0.36489,0.35694,0.38149,0.53138,0.52656,0.35053,0.32226,0.33915,0.45528,0.69134,0.36752,0.35156,0.36357,0.44004,0.66806,0.3757,0.33678,0.33471,0.41949,0.76421,0.39965,0.36723,0.37165,0.42943,1.9401
0.16,0.40461,0.4079,0.41817,0.43668,0.46591,0.51036,0.57797,0.6819,0.83532,0.99738,0.96593,0.7086,0.71777,0.88005,1.0741,1.2424,1.0678,0.56729,0.55555,0.67268,0.99363,0.63803,0.36027,0.34794,0.35499,0.94298,0.5905,0.43001,0.38816,0.36901,0.438,0.49929,0.41506,0.39829,0.41673,0.50703,0.80277,0.45269,0.34136,0.34505,0.47257,0.85439,0.40378,0.36434,0.37124,0.40644,0.94932,0.50581,0.37673,0.36061,0.41701,1.127,0.35357,0.33472,0.33282,0.34201,0.60521,0.39575,0.35615,0.35444,0.3677,0.52883,0.46646,0.3481,0.33751,0.3396,0.44207,0.4903,0.36913,0.35587,0.36248,0.43739,0.5485,0.35877,0.34879,0.34873,0.41347,1.0989,0.37941,0.36435,0.36752,0.39858,1.2338,0.38881,0.35163,0.34122,0.35361,0.8919,0.40939,0.38533,0.38924,0.42806,1.1166,0.38617,0.3496,0.34814,0.36436,0.6387,0.39034,0.34693,0.34454,0.35155,0.55326,0.43842,0.36462,0.35659,0.36242,0.46584,0.47197,0.3569,0.34896,0.35185,0.41806,0.60067,0.37552,0.36602,0.37454,0.42554,0.71887,0.3483,0.34094,0.34345,0.36514,0.85729,0.34551,0.34405,0.35035,0.37817,1.0835
0.37,0.18437,0.18658,0.19349,0.20611,0.22773,0.26147,0.31527,0.4049,0.52027,0.62301,1.0282,1.3074,1.0646,0.88004,0.82956,0.72645,0.39998,0.71213,0.41376,0.45161,0.52586,0.52056,0.27035,0.22925,0.25343,0.54372,0.40819,0.18095,0.1825,0.23588,0.46961,0.8405,0.35147,0.27709,0.2941,0.4662,0.80625,0.36741,0.25785,0.24595,0.3334,0.75425,0.22667,0.17484,0.16503,0.187,1.0739,0.16095,0.12832,0.1232,0.15089,0.69156,0.38197,0.24109,0.2269,0.27644,0.96588,0.3177,0.19281,0.16529,0.16785,0.23122,0.21418,0.14219,0.13452,0.137,0.18017,0.26186,0.16587,0.15119,0.15323,0.2251,0.28192,0.15262,0.14762,0.16192,0.27089,0.52198,0.18108,0.15397,0.15802,0.20442,0.84863,0.19189,0.1495,0.13743,0.14257,1.417,0.19765,0.16681,0.16563,0.18833,0.45514,0.19565,0.16643,0.17027,0.20043,0.40131,0.19785,0.1424,0.13706,0.14446,0.27135,0.22397,0.15909,0.14842,0.15308,0.2076,0.19875,0.14589,0.13925,0.14344,0.18455,0.26728,0.1599,0.14477,0.14313,0.17824,0.46894,0.20811,0.18075,0.18319,0.22247,0.71158,0.15509,0.13368,0.13425,0.15456,0.99001
0.3,0.48014,0.48289,0.49146,0.50695,0.53148,0.56891,0.62613,0.75878,1.2062,1.4808,1.3301,1.1379,1.2547,1.2124,1.1925,1.3248,0.92714,0.52652,0.45039,0.56874,0.99966,0.90526,0.69019,0.59833,0.66087,0.7321,0.45775,0.36927,0.36796,0.41424,0.76535,0.97886,0.43585,0.41305,0.43949,0.62005,0.90874,0.39144,0.34357,0.34416,0.40267,0.96551,0.43741,0.3908,0.37954,0.40484,1.3621,0.36309,0.36655,0.39804,0.47336,1.0974,0.45111,0.34429,0.33294,0.39265,0.91264,0.55318,0.40568,0.40104,0.48349,0.64171,0.58286,0.45731,0.429,0.45074,0.58668,0.62655,0.35212,0.3273,0.33374,0.46937,0.66849,0.37485,0.35658,0.35694,0.44463,0.66595,0.33169,0.33133,0.34079,0.38429,1.0083,0.38448,0.35542,0.35533,0.38279,1.3098,0.40472,0.3543,0.35267,0.39288,1.1672,0.41742,0.3748,0.3691,0.38396,0.73088,0.3995,0.33755,0.34659,0.37648,0.60628,0.57395,0.34574,0.32591,0.34003,0.58157,0.50406,0.37259,0.36203,0.36913,0.43961,0.5855,0.37944,0.36487,0.37244,0.4418,0.84358,0.3743,0.3385,0.34539,0.45468,0.89143,0.39992,0.36439,0.35641,0.37107,1.8834
0.3,0.18807,0.19002,0.19612,0.2071,0.22446,0.25088,0.29136,0.35567,0.46455,0.6681,1.0933,0.89581,0.79787,1.1574,1.2859,1.2617,0.48996,0.44856,0.27706,0.33351,0.44977,0.42474,0.22857,0.18525,0.21532,0.52143,0.36011,0.12794,0.10571,0.13794,0.44937,0.28456,0.23716,0.21237,0.24003,0.40505,0.57799,0.17263,0.13484,0.14524,0.20799,0.61086,0.16827,0.13555,0.13884,0.1799,0.77428,0.15957,0.13024,0.13034,0.14923,0.49522,0.1056,0.091885,0.092624,0.096933,0.32027,0.19671,0.13754,0.13376,0.14687,0.27667,0.24755,0.12791,0.11248,0.10975,0.11111,0.35377,0.1931,0.1705,0.18291,0.30786,0.3108,0.10874,0.099371,0.10074,0.16994,0.48911,0.18535,0.16091,0.16358,0.20125,0.55922,0.14347,0.11453,0.11508,0.14091,0.79492,0.14385,0.12204,0.11986,0.13115,0.57784,0.14473,0.11117,0.10909,0.1137,0.32545,0.16289,0.13247,0.13022,0.14196,0.30699,0.19683,0.13015,0.12288,0.13305,0.25101,0.18532,0.11708,0.11224,0.11434,0.15386,0.28489,0.13357,0.12467,0.12742,0.17024,0.37031,0.11963,0.11793,0.12406,0.15435,0.55498,0.11731,0.10967,0.11041,0.12424,0.88604
0.37,0.26792,0.26824,0.26928,0.27133,0.28041,0.30436,0.36646,0.50369,0.72544,0.75748,0.92099,0.87223,0.79079,0.64831,0.61829,0.69531,0.80903,0.81293,0.70129,0.80532,0.82156,0.90485,0.63786,0.5796,0.64246,1.0034,1.0043,0.44899,0.33262,0.35559,0.57032,1.2935,0.68805,0.54401,0.52573,0.73953,0.80721,0.48163,0.41248,0.45273,0.72374,1.4594,0.59835,0.41915,0.40883,0.47335,1.1733,0.47553,0.41499,0.43899,0.57867,0.90648,0.44156,0.3077,0.3174,0.36357,1.128,0.65777,0.65706,0.57761,0.67685,0.77291,0.78362,0.44055,0.41282,0.44417,0.7989,0.56554,0.36121,0.30972,0.32101,0.5371,0.64906,0.36657,0.33453,0.33181,0.46639,0.77327,0.43519,0.39255,0.42656,0.67685,1.0994,0.43354,0.38952,0.40763,0.50748,1.4252,0.45626,0.34482,0.32856,0.39095,1.2067,0.42917,0.3484,0.33105,0.3411,0.70399,0.52462,0.38104,0.36254,0.39715,0.66665,0.44352,0.29798,0.2903,0.30516,0.62087,0.64865,0.3913,0.35112,0.35765,0.49111,0.60479,0.36716,0.3497,0.36298,0.50319,0.81582,0.34102,0.3282,0.33807,0.39177,1.1051,0.37355,0.32016,0.32258,0.38761,2.1006
0.42,0.15114,0.1525,0.15672,0.16431,0.17624,0.198,0.23353,0.29109,0.3954,0.71792,0.97664,0.82185,0.72645,0.64929,0.91458,1.084,0.63615,0.3582,0.41631,0.42041,0.67131,0.41716,0.28302,0.24474,0.30881,1.0936,0.34507,0.1593,0.13056,0.14716,0.28807,0.62637,0.18642,0.13765,0.13966,0.22976,0.55225,0.15205,0.14619,0.18414,0.32787,0.63368,0.31613,0.2401,0.25698,0.44704,0.58386,0.37523,0.23955,0.22064,0.26913,0.89692,0.22431,0.11576,0.10635,0.15223,0.63586,0.25283,0.16836,0.16564,0.21214,0.49867,0.52783,0.22582,0.18209,0.20756,0.52681,0.30959,0.12835,0.099253,0.091102,0.099118,0.2743,0.085635,0.072558,0.076699,0.11078,0.35459,0.096972,0.081476,0.079689,0.090197,0.67102,0.10386,0.089852,0.091704,0.11176,0.9481,0.076354,0.0583,0.060889,0.086991,0.50605,0.13807,0.10718,0.10689,0.12918,0.44767,0.16603,0.093631,0.082026,0.09616,0.36916,0.1305,0.096041,0.092556,0.10166,0.17348,0.22207,0.075552,0.064098,0.070828,0.15335,0.24201,0.11064,0.096336,0.097835,0.13222,0.23787,0.072033,0.06975,0.072155,0.085443,0.3838,0.06943,0.067795,0.068395,0.072848,0.88611
0.12,0.27326,0.27335,0.27361,0.27404,0.27461,0.27661,0.28056,0.28786,0.32368,0.4126,0.70066,1.1627,1.0333,1.0797,1.4688,1.0411,0.74384,0.57802,0.49065,0.52353,1.0773,0.39852,0.30798,0.31129,0.34769,0.81251,0.50853,0.36993,0.34707,0.36116,0.47683,0.88326,0.36348,0.32549,0.32678,0.40504,0.75164,0.3789,0.35403,0.37138,0.47096,0.60704,0.32895,0.24549,0.24835,0.37693,1.3423,0.35684,0.30045,0.28559,0.28489,0.86289,0.2568,0.26081,0.26388,0.27726,0.42372,0.29871,0.24782,0.24807,0.24793,0.63456,0.38064,0.29402,0.27881,0.28216,0.33754,0.42578,0.26112,0.25879,0.25705,0.29578,0.46049,0.27023,0.26799,0.27059,0.29265,0.84363,0.25404,0.25785,0.26224,0.27516,0.96445,0.29264,0.27856,0.28172,0.30963,1.4087,0.26043,0.25312,0.24962,0.24963,1.068,0.31358,0.2844,0.27817,0.28186,0.55135,0.26266,0.25734,0.25751,0.25917,0.39837,0.27963,0.24761,0.24587,0.23948,0.35317,0.33982,0.28586,0.28101,0.28636,0.32056,0.46783,0.24043,0.24777,0.25236,0.26973,0.67936,0.26785,0.25954,0.25848,0.26407,1.1337,0.27633,0.26596,0.26297,0.26297,1.6591
0.1,0.20769,0.20929,0.21432,0.22348,0.2382,0.26121,0.30642,0.38616,0.54635,1.0125,0.99507,0.44886,0.4816,0.96245,1.4158,1.4142,1.0602,0.79546,0.67515,0.88257,0.82496,0.42692,0.24052,0.22857,0.27736,0.48057,0.66018,0.26714,0.21461,0.25237,0.73043,0.42335,0.21824,0.19195,0.22419,0.39713,0.39374,0.19522,0.13973,0.13361,0.19358,0.68914,0.19291,0.1535,0.15751,0.19625,0.50713,0.1476,0.1143,0.12391,0.18404,0.69465,0.21496,0.14804,0.13882,0.14903,0.3079,0.22168,0.13488,0.13317,0.15,0.27944,0.15741,0.097924,0.096283,0.095673,0.14589,0.29936,0.1482,0.13127,0.12443,0.15049,0.26599,0.14066,0.1349,0.14051,0.17628,0.49325,0.13607,0.11519,0.11618,0.13755,0.62961,0.12725,0.11722,0.1165,0.12278,0.47975,0.12449,0.10429,0.10184,0.10106,0.41815,0.12819,0.11962,0.11778,0.11891,0.20049,0.11157,0.10819,0.10841,0.10625,0.18861,0.12142,0.1155,0.11465,0.11369,0.11553,0.11762,0.11004,0.11191,0.1117,0.11504,0.14525,0.11375,0.11569,0.11792,0.12636,0.26956,0.096377,0.10229,0.10282,0.098478,0.37139,0.11564,0.11384,0.11289,0.11109,0.5078
0.35,0.35815,0.36162,0.37247,0.39215,0.42374,0.47363,0.59181,0.79411,1.0887,1.0893,1.2135,1.0676,1.1118,1.2267,1.3036,1.0575,0.91702,0.91533,0.91149,0.98319,1.1547,0.72775,0.93615,0.53327,0.44697,0.47697,0.41293,0.22803,0.17903,0.22166,0.49695,0.68746,0.27384,0.23876,0.2646,0.38954,0.98172,0.33066,0.26422,0.26921,0.38365,0.76589,0.30025,0.22635,0.27378,0.19412,0.67862,0.24179,0.19721,0.20019,0.30004,0.9205,0.45169,0.35144,0.35871,0.4921,0.75867,0.50172,0.32522,0.27808,0.31852,0.66081,0.41751,0.53895,0.44686,0.47785,0.66566,0.30539,0.24573,0.15719,0.21525,0.50187,0.52071,0.16399,0.15827,0.14143,0.32863,1.0082,0.39408,0.31044,0.2954,0.33426,0.61188,0.11155,0.11543,0.098009,0.14824,0.70015,0.26738,0.187,0.16346,0.17235,0.71014,0.22607,0.18856,0.18789,0.21242,0.32306,0.15075,0.12978,0.12391,0.12306,0.20487,0.2231,0.16529,0.15713,0.19416,0.39154,0.24482,0.14723,0.15849,0.17143,0.16422,0.40492,0.19588,0.16728,0.16875,0.21155,0.40563,0.16828,0.17706,0.19354,0.25566,0.56398,0.15889,0.12621,0.11728,0.11616,1.1532
0.21,0.30005,0.30262,0.31059,0.32488,0.34725,0.38954,0.45735,0.56326,0.79002,0.97463,0.86843,0.68775,0.7068,0.86138,1.177,1.457,1.0827,1.0247,0.96768,0.87206,0.75104,0.71834,0.4065,0.31396,0.33284,0.94994,0.66892,0.53265,0.48706,0.57246,0.62861,0.66246,0.25224,0.19946,0.19469,0.23779,0.55102,0.24967,0.20657,0.21304,0.34076,0.61608,0.46869,0.34964,0.37175,0.55538,1.0947,0.36738,0.26392,0.26198,0.34176,0.76879,0.29828,0.16885,0.16235,0.18953,0.4659,0.40944,0.224,0.20606,0.27408,0.76163,0.28892,0.16584,0.15765,0.18495,0.32556,0.27502,0.15648,0.14584,0.16248,0.26638,0.38582,0.32593,0.28318,0.32747,0.67492,0.48388,0.2822,0.22837,0.24366,0.42274,0.69624,0.27312,0.21136,0.19757,0.22881,0.68988,0.1695,0.15203,0.15732,0.1871,0.65861,0.2489,0.19433,0.19592,0.23627,0.4145,0.26262,0.17905,0.16985,0.18568,0.34745,0.23708,0.16651,0.15617,0.16962,0.29928,0.38078,0.1972,0.18352,0.20034,0.31783,0.35477,0.18619,0.17184,0.18157,0.24046,0.46543,0.19727,0.16804,0.17007,0.21772,0.62687,0.20049,0.15504,0.13903,0.14411,1.3589
0.23,0.32001,0.32044,0.32179,0.32415,0.32773,0.33286,0.34007,0.35001,0.36244,0.47425,1.0161,0.66032,0.8332,0.62207,0.63435,0.64668,0.54424,0.43384,0.36541,0.40581,0.67184,0.5774,0.38146,0.35213,0.38875,0.70506,0.51955,0.29899,0.26996,0.27837,0.40519,1.5754,0.49223,0.4456,0.50411,0.84926,1.1439,0.36634,0.32066,0.32692,0.40546,1.1203,0.28484,0.24068,0.25171,0.30624,0.70799,0.42461,0.35648,0.35409,0.40681,0.79662,0.24687,0.22402,0.22296,0.23335,0.59495,0.35108,0.28291,0.2778,0.29031,0.49414,0.36874,0.27362,0.27329,0.29111,0.44587,0.44017,0.24899,0.2451,0.25227,0.30564,0.5542,0.26828,0.25397,0.25307,0.2974,0.52346,0.26272,0.25391,0.25089,0.25136,0.92115,0.25964,0.25487,0.25514,0.26082,1.2966,0.24676,0.24632,0.24861,0.2559,0.67566,0.26555,0.25818,0.26005,0.26974,0.51359,0.29323,0.24493,0.24708,0.25422,0.42233,0.28397,0.23716,0.23676,0.23456,0.30093,0.36975,0.26721,0.26358,0.26872,0.32944,0.36075,0.22371,0.22898,0.22814,0.23676,0.75302,0.28987,0.2737,0.27536,0.30113,0.83085,0.23809,0.23947,0.2419,0.2493,1.7031
0.25,0.33478,0.3373,0.34516,0.35931,0.38174,0.41626,0.47085,0.57028,0.78224,0.71953,1.0203,1.1637,0.99645,1.0352,1.0874,0.92195,0.5192,0.15875,0.094351,0.15132,0.56119,0.42852,0.2472,0.21764,0.24396,0.52132,0.50007,0.21836,0.18334,0.21464,0.21342,0.52281,0.2912,0.26749,0.29386,0.40563,0.59274,0.32584,0.46204,0.48222,0.2984,0.72119,0.28607,0.23809,0.23915,0.29468,0.83602,0.16112,0.15026,0.13105,0.11264,0.69265,0.26391,0.19029,0.17586,0.18515,0.36159,0.11522,0.1125,0.11995,0.12574,0.18876,0.11839,0.11357,0.11788,0.12044,0.1362,0.16885,0.11635,0.11555,0.11622,0.19413,0.28447,0.17672,0.1715,0.18246,0.23169,0.33618,0.23407,0.16234,0.15562,0.23781,0.55352,0.18792,0.16606,0.16469,0.18357,0.99371,0.12743,0.11198,0.11498,0.12441,0.59462,0.13623,0.12499,0.12253,0.12152,0.2594,0.15108,0.13345,0.13108,0.13136,0.17549,0.11023,0.12168,0.1237,0.12444,0.12226,0.13818,0.1217,0.12149,0.11811,0.11884,0.17539,0.14716,0.148,0.15687,0.19208,0.2584,0.12904,0.11613,0.11619,0.12834,0.44858,0.14869,0.13612,0.13345,0.13887,0.87373
0.29,0.40515,0.40769,0.41563,0.43014,0.45356,0.4902,0.54872,0.67349,0.88419,1.0409,1.4699,1.2456,1.2123,1.3682,1.73,1.142,0.94207,0.97828,0.96887,1.0348,1.1354,0.97273,0.65816,0.46087,0.45577,1.055,0.70434,0.55791,0.55217,0.70365,0.99906,0.59788,0.33605,0.28172,0.26522,0.38739,0.77572,0.66867,0.51349,0.51422,0.6811,1.167,0.45238,0.32702,0.32043,0.38025,0.62865,0.31094,0.24903,0.24158,0.30504,0.91853,0.57225,0.46704,0.46161,0.5283,0.89603,0.59942,0.29829,0.29684,0.43539,0.77346,0.67084,0.45205,0.40749,0.42106,0.57612,0.53376,0.3178,0.30911,0.33598,0.44708,0.53506,0.37477,0.25757,0.27817,0.45974,0.89176,0.49224,0.43168,0.4363,0.52589,0.83408,0.31051,0.26808,0.27427,0.37295,0.83724,0.37112,0.31298,0.30457,0.33805,0.84768,0.37931,0.30849,0.29179,0.30162,0.5282,0.4523,0.33159,0.32847,0.36587,0.56785,0.41629,0.27147,0.26166,0.26222,0.44412,0.53982,0.31141,0.28073,0.29862,0.45248,0.5504,0.35255,0.32304,0.32895,0.40368,0.75675,0.33284,0.29687,0.29369,0.36788,0.99836,0.30299,0.28385,0.30349,0.37609,1.6524
0.49,0.58581,0.58748,0.59265,0.6018,0.61582,0.63624,0.66545,0.72918,0.84366,1.1251,1.4547,1.1814,0.94275,0.93587,1.0234,1.3413,0.57912,0.49282,0.55023,0.64494,0.84584,0.89354,0.5999,0.5616,0.62649,0.99919,0.92354,0.56523,0.52103,0.5514,0.79403,0.76246,0.39808,0.35779,0.36082,0.5786,0.79379,0.54039,0.4663,0.43925,0.43898,0.97931,0.7587,0.59125,0.56386,0.62958,0.74401,0.50301,0.46791,0.48237,0.54952,0.89602,0.38653,0.35748,0.3618,0.36598,0.5721,0.73631,0.57591,0.55637,0.60385,0.95902,0.68559,0.42399,0.43182,0.44143,0.53548,0.70976,0.42445,0.4065,0.40536,0.52611,0.71771,0.44838,0.44249,0.44598,0.46939,0.76462,0.43047,0.43351,0.43736,0.44925,0.95017,0.44658,0.44332,0.45022,0.4704,1.2239,0.42086,0.41022,0.41776,0.42401,1.455,0.45363,0.40607,0.39943,0.39949,0.80015,0.52598,0.48869,0.48651,0.50502,0.61631,0.5934,0.40296,0.41116,0.41559,0.644,0.50629,0.41669,0.42071,0.42317,0.49219,0.63775,0.44428,0.4327,0.4325,0.47876,0.86602,0.43407,0.42864,0.42469,0.41792,1.0306,0.44086,0.43809,0.43707,0.43803,1.2065
0.22,0.37055,0.3728,0.37978,0.3924,0.41526,0.45208,0.50858,0.60583,0.78914,1.2513,1.2719,0.97001,0.74463,0.77816,0.80952,0.73127,0.71492,0.49927,0.40034,0.46657,0.84418,0.50549,0.2519,0.26342,0.29741,0.65931,0.65095,0.32352,0.2544,0.28742,0.46293,0.6877,0.24582,0.24283,0.29077,0.49335,0.73837,0.33375,0.2787,0.29167,0.47674,0.69718,0.22249,0.20099,0.2031,0.22574,0.38204,0.27577,0.19939,0.19971,0.2197,1.008,0.21779,0.19393,0.19608,0.20986,0.38027,0.1585,0.15576,0.15485,0.14852,0.36633,0.25596,0.22691,0.21228,0.21312,0.21028,0.25716,0.18089,0.19224,0.20268,0.24542,0.35411,0.16154,0.16949,0.17258,0.2048,0.38561,0.21212,0.19569,0.19055,0.23112,0.88156,0.24784,0.22333,0.22414,0.24632,0.48127,0.21577,0.19019,0.19162,0.19224,0.57492,0.18677,0.18552,0.18425,0.18117,0.34066,0.16333,0.16788,0.17216,0.16897,0.29477,0.21872,0.19192,0.19041,0.19045,0.22175,0.18753,0.17851,0.18263,0.18482,0.19871,0.22851,0.1968,0.19793,0.20032,0.20714,0.43503,0.19245,0.18834,0.18529,0.17593,0.59946,0.18104,0.1871,0.18893,0.19364,0.85413
0.15,0.32306,0.32421,0.32775,0.33405,0.34376,0.35798,0.37822,0.40576,0.4587,0.57011,0.94845,0.62204,0.57016,0.7238,0.88199,0.47899,0.93364,0.63379,0.41891,0.33064,0.48285,0.42926,0.30738,0.34279,0.4121,1.0764,0.3413,0.27137,0.27171,0.29152,0.3983,0.83184,0.52529,0.42642,0.41989,0.50299,0.55572,0.23287,0.23014,0.24937,0.34166,0.57414,0.33913,0.33135,0.34491,0.41735,0.86871,0.29027,0.26327,0.25926,0.25811,0.77245,0.37277,0.33037,0.32352,0.3345,0.45333,0.30527,0.26092,0.26861,0.29085,0.46827,0.35241,0.2688,0.25832,0.2487,0.3371,0.47164,0.34352,0.32536,0.33217,0.40448,0.40992,0.27662,0.27579,0.285,0.32597,0.464,0.24643,0.25501,0.25786,0.28916,0.95719,0.30519,0.28317,0.28044,0.29608,0.6204,0.29538,0.28884,0.29084,0.30503,0.66432,0.27369,0.26377,0.26353,0.2683,0.54936,0.31368,0.28793,0.28427,0.28829,0.3611,0.33488,0.27577,0.27584,0.27969,0.41022,0.36011,0.26438,0.26315,0.26021,0.29242,0.41462,0.30477,0.29646,0.30054,0.33476,0.57739,0.26655,0.26621,0.26783,0.27335,0.6278,0.27721,0.2747,0.27607,0.28636,0.7839
0.4,0.47783,0.48027,0.48792,0.50179,0.52405,0.55887,0.61506,0.71398,0.91963,1.2906,1.1634,1.3549,1.2837,1.6487,1.3905,1.3142,1.5437,0.91321,0.68675,0.64052,0.83904,0.41073,0.33013,0.31268,0.32905,0.39567,0.92702,0.42095,0.34499,0.33843,0.42935,0.85427,0.43442,0.38951,0.3882,0.49653,0.78892,0.35147,0.35506,0.37918,0.57938,0.77654,0.38073,0.34707,0.36251,0.44671,1.0826,0.56425,0.42742,0.40038,0.40757,0.98977,0.37683,0.32174,0.32138,0.33626,0.61524,0.51244,0.36088,0.35283,0.35602,0.54042,0.33048,0.33889,0.34895,0.37411,0.55984,0.56281,0.30466,0.31056,0.31436,0.43619,0.67537,0.34598,0.33336,0.32943,0.33669,0.64833,0.35737,0.34753,0.34868,0.36813,1.2237,0.35917,0.34739,0.34928,0.368,1.3629,0.34125,0.33891,0.34388,0.36101,1.0231,0.34426,0.32627,0.32801,0.33455,0.82055,0.37631,0.33645,0.33268,0.33433,0.46239,0.39783,0.35696,0.35493,0.36708,0.44161,0.43238,0.32182,0.3218,0.32387,0.34473,0.66286,0.35348,0.34577,0.34936,0.40735,0.74534,0.32843,0.32148,0.31771,0.31792,1.3669,0.37112,0.35322,0.35089,0.36396,1.3723
0.26,0.15513,0.15563,0.15718,0.16,0.16451,0.17152,0.18261,0.20122,0.24108,0.35559,0.64814,0.69384,0.83141,0.67232,0.83396,0.50596,0.36593,0.31194,0.27641,0.29135,0.61429,0.33605,0.19138,0.16823,0.17878,0.39361,0.40277,0.25073,0.22785,0.25068,0.41988,0.35647,0.15528,0.13268,0.14121,0.20524,0.67372,0.22786,0.18852,0.19498,0.2764,0.67875,0.16628,0.14313,0.14581,0.16752,0.83344,0.18854,0.15343,0.15218,0.17132,0.51391,0.19024,0.15101,0.14391,0.15437,0.29503,0.19598,0.14485,0.13947,0.1524,0.27275,0.20856,0.14528,0.13577,0.14052,0.20577,0.27763,0.17266,0.15939,0.16151,0.21132,0.29433,0.14651,0.13883,0.14321,0.1816,0.31646,0.13915,0.13254,0.1349,0.15655,0.52846,0.14358,0.13361,0.13395,0.14592,0.79497,0.15685,0.13359,0.13039,0.14708,0.51725,0.17746,0.14942,0.14476,0.15061,0.2846,0.18109,0.15003,0.1487,0.15962,0.27705,0.18174,0.13002,0.12926,0.13722,0.20779,0.20521,0.14681,0.14157,0.14649,0.1995,0.26844,0.14979,0.13972,0.14225,0.17562,0.3173,0.15049,0.14038,0.14082,0.17015,0.51579,0.15179,0.13904,0.13931,0.1524,1.0495
0.01,0.22668,0.22828,0.2333,0.2424,0.25697,0.27969,0.31624,0.38977,0.573,0.69042,0.44377,0.87494,0.838,0.87291,0.79032,0.91029,0.42741,0.2377,0.17934,0.17936,0.45612,0.18932,0.164,0.15883,0.15986,0.21187,0.22433,0.17205,0.17311,0.19051,0.31875,0.33807,0.16067,0.14433,0.14256,0.14747,0.44075,0.19753,0.16534,0.17991,0.29651,0.60005,0.22138,0.19476,0.1971,0.23116,0.79427,0.076092,0.10579,0.11765,0.12524,0.46501,0.18726,0.15983,0.15566,0.16107,0.27222,0.17264,0.15336,0.15301,0.15978,0.23078,0.18327,0.1507,0.14847,0.15205,0.206,0.2069,0.15947,0.15752,0.16415,0.20446,0.26925,0.13122,0.13123,0.13104,0.1755,0.29408,0.17259,0.16314,0.16555,0.18997,0.67007,0.16557,0.15076,0.14968,0.15703,0.89886,0.15929,0.15127,0.15112,0.1586,0.38074,0.16403,0.15103,0.15064,0.1576,0.31228,0.17838,0.15507,0.15327,0.15842,0.22464,0.17569,0.14842,0.14695,0.15087,0.1954,0.20502,0.1556,0.15143,0.15374,0.18291,0.19871,0.14385,0.14288,0.14476,0.16452,0.35025,0.17232,0.16157,0.1631,0.18322,0.50621,0.14717,0.14367,0.14554,0.1569,1.2011
0.2,0.34521,0.34559,0.34677,0.34884,0.35201,0.35672,0.37681,0.41901,0.50452,0.69315,0.94911,1.094,1.023,0.89241,0.81655,0.89515,1.0465,1.0169,1.1744,0.99567,0.76822,0.64042,1.076,0.67804,0.60803,0.48788,0.48677,0.41692,0.40368,0.43068,0.53522,0.80831,0.4632,0.42148,0.40719,0.47203,0.61571,0.42817,0.42445,0.44611,0.54213,0.7985,0.35172,0.37364,0.39479,0.47138,0.90542,0.42303,0.37117,0.36316,0.40478,0.9098,0.60588,0.55544,0.5347,0.55222,0.69165,0.4498,0.33534,0.33435,0.34845,0.46598,0.54088,0.47178,0.4509,0.46508,0.58849,0.5494,0.36322,0.35708,0.35579,0.35146,0.42558,0.36959,0.3648,0.36411,0.36944,0.68287,0.42958,0.42153,0.43476,0.48851,0.865,0.36478,0.3649,0.36831,0.37294,1.1403,0.38416,0.3798,0.38331,0.39541,0.65667,0.36449,0.35875,0.35684,0.3608,0.58449,0.44324,0.40368,0.39586,0.39421,0.47681,0.39382,0.37977,0.38205,0.39549,0.42762,0.45607,0.39799,0.38281,0.37519,0.38199,0.43438,0.37671,0.38103,0.39175,0.42339,0.60767,0.33514,0.33219,0.32408,0.31432,0.69781,0.4305,0.41159,0.40883,0.41711,1.2861
0.21,0.40468,0.40763,0.41679,0.43308,0.45828,0.49591,0.55838,0.65327,0.83311,1.2903,1.6768,2.0165,1.6904,1.5746,1.3992,1.2809,1.1978,0.78953,0.59041,0.62005,0.80598,0.61464,0.53381,0.48663,0.48615,0.69034,0.54279,0.32423,0.29603,0.32355,0.42692,0.54757,0.32914,0.29283,0.30808,0.36114,0.96752,0.42867,0.35415,0.36076,0.48994,1.1372,0.36327,0.28079,0.27675,0.35374,1.3848,0.37941,0.27984,0.26,0.29671,0.61431,0.60947,0.3824,0.37069,0.429,0.51955,0.37291,0.27432,0.28156,0.35941,0.6579,0.72581,0.36967,0.31965,0.32065,0.60225,0.58938,0.36461,0.33959,0.37389,0.54374,0.54002,0.22945,0.2285,0.23178,0.30903,0.67527,0.35908,0.3339,0.35234,0.45474,1.1917,0.35075,0.31099,0.32925,0.43419,0.95269,0.3816,0.29986,0.28952,0.33007,0.82511,0.3558,0.30057,0.297,0.32967,0.60385,0.47611,0.30703,0.27943,0.29219,0.48021,0.40794,0.30143,0.28619,0.29658,0.4418,0.41661,0.29947,0.28615,0.30319,0.41822,0.5739,0.3021,0.27942,0.29715,0.44698,0.68072,0.3461,0.30968,0.3134,0.3675,0.85343,0.26696,0.24359,0.25342,0.31157,1.2043
0.75,0.17198,0.17392,0.18007,0.19156,0.21083,0.24311,0.30039,0.41428,0.72849,0.60712,0.99345,0.63766,0.54765,0.57987,0.49812,0.62066,0.49667,0.22944,0.21518,0.27315,0.55608,0.22741,0.18183,0.21176,0.24988,0.35953,0.29099,0.14963,0.16438,0.21405,0.38916,0.78467,0.17451,0.1724,0.17735,0.32055,0.33398,0.12804,0.11686,0.10464,0.096637,0.83164,0.40802,0.27614,0.25901,0.24627,0.84759,0.10991,0.066311,0.074394,0.071357,0.56947,0.07402,0.10088,0.097077,0.068912,0.28107,0.11171,0.12518,0.12584,0.12214,0.21066,0.139,0.16895,0.16958,0.17525,0.2856,0.22232,0.11508,0.11919,0.11337,0.083744,0.20072,0.1138,0.13309,0.1358,0.091699,0.38875,0.051111,0.066912,0.05959,0.077975,0.56957,0.15772,0.15106,0.14092,0.116,1.0509,0.089736,0.11912,0.12093,0.10447,0.46105,0.092308,0.12421,0.12742,0.11586,0.30517,0.049661,0.105,0.11617,0.11379,0.15562,0.088781,0.11232,0.11704,0.1044,0.16143,0.1207,0.11464,0.12074,0.11393,0.085801,0.10394,0.13002,0.13501,0.13023,0.091056,0.37618,0.11011,0.1234,0.12122,0.087076,0.5238,0.087559,0.11191,0.11238,0.085771,1.6059
0.38,0.28569,0.2864,0.28868,0.29293,0.3,0.31155,0.33488,0.38848,0.51536,0.76492,1.0523,1.319,1.5576,1.1719,0.87933,0.70833,0.57767,0.54009,0.54008,0.58501,0.84303,0.57223,0.42453,0.36941,0.38091,0.6476,0.58085,0.31874,0.31268,0.40002,0.84255,0.72378,0.39082,0.35896,0.35851,0.47795,0.78638,0.3992,0.33545,0.33155,0.43276,0.78922,0.49327,0.41297,0.40347,0.45745,1.1175,0.40423,0.29974,0.30137,0.32532,0.86301,0.36571,0.30712,0.30502,0.31966,0.63408,0.45975,0.28376,0.28562,0.31339,0.71802,0.5439,0.34492,0.32071,0.32452,0.44273,0.51499,0.2797,0.2783,0.27846,0.3677,0.59222,0.31763,0.30331,0.3024,0.33373,0.59682,0.29238,0.28793,0.29003,0.31554,1.0283,0.31518,0.29268,0.28721,0.30081,1.268,0.33495,0.31139,0.31333,0.34492,0.75831,0.36522,0.318,0.30999,0.31537,0.56718,0.41381,0.28943,0.28972,0.29931,0.46482,0.38672,0.29642,0.29208,0.29554,0.41096,0.45309,0.29433,0.28937,0.29471,0.37913,0.53217,0.33456,0.31514,0.31723,0.35508,0.56801,0.27159,0.27595,0.28083,0.31718,0.69089,0.30031,0.28972,0.28912,0.29882,1.2191
0.28,0.32611,0.32705,0.32997,0.33515,0.34317,0.35498,0.37223,0.39786,0.44555,0.54623,1.1297,1.2827,0.87475,0.86187,0.94578,0.98591,1.0406,0.59161,0.39382,0.34614,0.46137,0.45471,0.32408,0.31192,0.35313,0.62281,0.48258,0.19573,0.19843,0.24447,0.58502,0.51158,0.29872,0.28398,0.30991,0.45494,0.90302,0.31346,0.26269,0.27917,0.39413,0.71518,0.34057,0.27248,0.26419,0.29613,0.64319,0.21114,0.21567,0.23022,0.27096,0.54433,0.22306,0.19548,0.18896,0.18755,0.43674,0.49035,0.34641,0.32093,0.33917,0.50326,0.2847,0.15676,0.18192,0.19308,0.36906,0.27454,0.22339,0.21828,0.21752,0.22723,0.45242,0.21425,0.21013,0.20443,0.20436,0.38062,0.24878,0.24579,0.25394,0.2914,1.0476,0.2132,0.1732,0.17059,0.19509,0.63549,0.26962,0.24561,0.24219,0.25181,0.48481,0.21392,0.19216,0.19366,0.18257,0.77223,0.27584,0.25071,0.25284,0.27146,0.40403,0.34983,0.1908,0.19728,0.19609,0.36029,0.29089,0.23892,0.22911,0.22735,0.23566,0.37684,0.21696,0.21775,0.21884,0.22436,0.47929,0.20371,0.20732,0.2067,0.20206,0.72925,0.22668,0.22061,0.21923,0.22195,0.89386
0.16,0.30587,0.30717,0.31121,0.31845,0.33274,0.35563,0.39667,0.47904,0.65999,0.84336,1.188,1.393,1.5355,1.1758,0.92934,0.89673,0.85545,0.72596,0.61296,0.58789,0.65712,0.55922,0.50294,0.47893,0.51282,0.64185,0.74406,0.28971,0.22761,0.2355,0.28274,0.65516,0.32164,0.30633,0.34654,0.59347,0.7144,0.29642,0.1903,0.1777,0.21964,1.1626,0.43919,0.28346,0.24879,0.28585,0.95087,0.26118,0.24153,0.24922,0.27411,0.73547,0.46234,0.255,0.25671,0.3309,0.73015,0.38578,0.27418,0.2918,0.40298,0.47737,0.45668,0.5366,0.66721,0.56665,0.50105,0.50982,0.35606,0.24155,0.22244,0.376,0.4444,0.21624,0.19915,0.18861,0.17944,0.76225,0.37419,0.3086,0.30074,0.36259,0.83707,0.27257,0.26048,0.26725,0.31163,1.0489,0.2889,0.24149,0.23119,0.22773,0.68348,0.20961,0.21983,0.22824,0.24321,0.42242,0.20441,0.20749,0.21338,0.2236,0.38449,0.42735,0.25278,0.23351,0.271,0.57184,0.32841,0.25146,0.23928,0.23328,0.21822,0.36246,0.25059,0.25141,0.26406,0.3198,0.73433,0.27165,0.21135,0.20619,0.20035,0.65843,0.27864,0.2484,0.24592,0.26066,2.6681
0.24,0.22965,0.23088,0.2347,0.24153,0.25225,0.26852,0.29392,0.33746,0.44743,0.76963,0.77252,0.67863,0.80969,1.105,1.2908,1.4015,0.94064,0.36309,0.16916,0.20186,0.5507,0.23641,0.17817,0.17756,0.18607,0.38113,0.35582,0.23917,0.23509,0.27738,0.50549,0.45478,0.16859,0.18637,0.21471,0.39579,0.95935,0.3811,0.28205,0.27186,0.34302,0.66057,0.18478,0.16603,0.16419,0.19609,1.4428,0.23174,0.21482,0.22291,0.28605,0.72614,0.25305,0.17433,0.17007,0.19532,0.57581,0.24285,0.18847,0.18104,0.18181,0.26437,0.19342,0.17697,0.17486,0.17699,0.20173,0.20841,0.17603,0.17207,0.17095,0.17717,0.33715,0.19662,0.18866,0.2006,0.27476,0.48783,0.17773,0.16232,0.16118,0.16287,0.68322,0.21367,0.18021,0.17806,0.18428,1.0544,0.19005,0.16674,0.16484,0.18581,0.60661,0.219,0.19311,0.18779,0.19246,0.39356,0.22729,0.17654,0.17134,0.17399,0.27869,0.20907,0.18305,0.17964,0.18213,0.2111,0.20754,0.17941,0.17747,0.18054,0.20186,0.2677,0.17175,0.16873,0.17181,0.20964,0.38853,0.19537,0.18463,0.1869,0.20531,0.51021,0.16395,0.16454,0.16632,0.17091,1.025
0.44,0.48992,0.49115,0.49496,0.50171,0.51211,0.5275,0.55062,0.589,0.67282,0.89979,1.4076,1.4797,1.3852,1.8183,1.4451,1.3598,1.4165,0.85698,0.70428,0.70116,0.69997,0.81979,0.43674,0.34465,0.36636,0.64453,0.40995,0.30393,0.29501,0.2937,0.47518,0.66122,0.4597,0.40575,0.40814,0.46156,0.61605,0.32433,0.33043,0.33867,0.36943,1.0689,0.42453,0.39419,0.40737,0.47388,0.97478,0.58938,0.34436,0.34494,0.40537,1.2018,0.53128,0.41833,0.40043,0.42609,0.82085,0.35655,0.33151,0.3433,0.37383,0.58622,0.66415,0.34763,0.33198,0.40309,1.0963,0.66413,0.48167,0.45434,0.47422,0.61956,0.67095,0.30141,0.30995,0.3172,0.34729,0.98933,0.36416,0.34059,0.34366,0.36995,1.0627,0.33097,0.32571,0.32984,0.35088,1.7882,0.32688,0.31994,0.31894,0.32011,0.99924,0.38499,0.35028,0.34808,0.36042,0.82051,0.36346,0.32353,0.32715,0.33802,0.63335,0.43462,0.32651,0.32295,0.32863,0.56805,0.51467,0.36785,0.3595,0.36918,0.48555,0.86802,0.35994,0.34616,0.34692,0.4257,0.78669,0.34457,0.33104,0.3319,0.35777,1.5398,0.37493,0.34688,0.3415,0.35032,1.8622
0.58,0.64106,0.64225,0.64597,0.65263,0.66302,0.6786,0.70192,0.73763,0.79347,1.0133,0.99076,1.1137,1.316,1.0594,0.96108,0.99724,0.84359,0.66998,0.63204,0.66125,0.78138,0.92647,0.6254,0.58982,0.66167,0.95752,0.7212,0.58164,0.56163,0.56098,0.63757,0.71562,0.53747,0.54191,0.55678,0.64039,0.87634,0.53241,0.5228,0.52316,0.51526,1.0184,0.55723,0.55586,0.56259,0.58691,1.1361,0.49947,0.51305,0.5181,0.51847,1.1524,0.56738,0.5447,0.53995,0.54041,0.79816,0.58574,0.54531,0.54476,0.54868,0.81985,0.62423,0.55465,0.55038,0.55297,0.59577,0.65842,0.52965,0.53127,0.53215,0.53511,0.69365,0.52887,0.53087,0.53185,0.53221,0.86164,0.55105,0.54561,0.5458,0.55291,1.1016,0.5378,0.53621,0.5382,0.54456,1.6548,0.52874,0.53162,0.53329,0.53711,0.99435,0.53945,0.53601,0.53485,0.53377,0.8491,0.54178,0.53986,0.54056,0.54462,0.6946,0.57863,0.52589,0.52764,0.52714,0.60209,0.57049,0.53666,0.5364,0.5388,0.54701,0.74839,0.52424,0.52584,0.52423,0.51764,0.84451,0.54989,0.54363,0.54352,0.54938,1.1442,0.52226,0.52742,0.52876,0.52835,1.3906
0.12,0.18024,0.18126,0.1844,0.19078,0.20235,0.21958,0.25094,0.30902,0.47431,0.34715,0.7684,0.61943,0.68482,0.5894,0.61051,0.8588,0.78909,0.70241,0.56887,0.59758,0.9693,0.44967,0.1521,0.10698,0.10496,0.29297,0.41872,0.25414,0.22712,0.264,0.36001,0.7816,0.29364,0.2179,0.22081,0.33074,0.41641,0.18069,0.18261,0.18516,0.22168,0.80942,0.21909,0.19271,0.20451,0.27512,0.62892,0.25493,0.19574,0.18017,0.18485,0.59625,0.24919,0.20381,0.20334,0.23299,0.51259,0.34482,0.19512,0.18045,0.21249,0.56838,0.3683,0.18565,0.1716,0.17676,0.24721,0.23749,0.1532,0.14704,0.14733,0.20433,0.36293,0.23622,0.20564,0.21168,0.2715,0.54358,0.18066,0.1661,0.17477,0.23284,0.7896,0.27716,0.2231,0.22653,0.28743,1.1782,0.18308,0.1434,0.13821,0.14904,0.41149,0.25126,0.19477,0.19527,0.23975,0.87596,0.25038,0.16894,0.15779,0.17935,0.33134,0.35023,0.21157,0.18897,0.1978,0.31006,0.24592,0.16463,0.15637,0.16635,0.2468,0.38314,0.21024,0.18887,0.19366,0.267,0.49075,0.17508,0.16012,0.16362,0.19322,0.76338,0.176,0.16221,0.16413,0.18592,1.7297
0.49,0.17396,0.17401,0.17419,0.17451,0.17498,0.17547,0.17502,0.22094,0.37239,0.74695,0.66338,1.3146,1.1963,1.2251,1.2843,0.69262,0.36649,0.33355,0.34149,0.53915,0.94628,0.5738,0.26599,0.35313,0.40001,0.58719,0.67732,0.33048,0.27168,0.27914,0.51716,1.0728,0.36235,0.29244,0.31259,0.47811,0.55766,0.35583,0.23344,0.19028,0.20827,1.0249,0.25384,0.2491,0.26647,0.34961,1.1272,0.2802,0.21324,0.21493,0.26633,0.89531,0.22792,0.1847,0.18342,0.20815,0.45731,0.21716,0.18329,0.18312,0.19253,0.3997,0.25027,0.18453,0.17881,0.17237,0.24139,0.27042,0.20133,0.19462,0.19197,0.24702,0.44602,0.22264,0.20635,0.21245,0.24944,0.60612,0.19052,0.18235,0.1944,0.24591,1.0169,0.21066,0.18231,0.18294,0.19275,0.95382,0.19587,0.18628,0.18492,0.19592,0.70307,0.22944,0.1887,0.18471,0.18583,0.40604,0.21321,0.19541,0.19392,0.19826,0.29308,0.25118,0.17721,0.17785,0.17815,0.26189,0.27207,0.21004,0.20467,0.21062,0.25458,0.32023,0.16344,0.16811,0.16867,0.2075,0.45521,0.20927,0.1976,0.19668,0.2117,0.69407,0.19585,0.18451,0.18531,0.19077,2.0398
0.33,0.072096,0.07215,0.072324,0.072653,0.073507,0.076081,0.080866,0.089525,0.11064,0.1584,0.41558,1.3298,0.87795,1.3402,1.1503,1.4171,0.55804,0.32656,0.25767,0.28019,0.87923,0.44111,0.23439,0.19675,0.22494,0.50068,0.38116,0.11859,0.084911,0.069791,0.093686,0.12967,0.070806,0.069643,0.067541,0.07732,0.33921,0.12737,0.11261,0.1192,0.14462,0.62286,0.15948,0.11923,0.11959,0.16523,0.91755,0.1708,0.11974,0.1091,0.1259,0.39442,0.10528,0.090921,0.08917,0.094117,0.24676,0.091912,0.081668,0.082423,0.088723,0.15727,0.13992,0.084988,0.081932,0.087891,0.17536,0.17137,0.099931,0.09187,0.094228,0.12737,0.16933,0.084605,0.07754,0.077017,0.085366,0.36136,0.109,0.098079,0.09811,0.11293,0.29166,0.081513,0.079232,0.079966,0.084276,0.83061,0.094958,0.087656,0.08754,0.094881,0.34144,0.10668,0.088706,0.088191,0.099096,0.14627,0.119,0.08636,0.085565,0.089508,0.19855,0.10309,0.084646,0.082571,0.083611,0.10433,0.13215,0.092472,0.08846,0.090034,0.10842,0.13273,0.084176,0.082365,0.083808,0.096322,0.20895,0.091049,0.086786,0.087793,0.099504,0.38537,0.090433,0.08487,0.084949,0.091091,1.0822
0.47,0.098256,0.098977,0.10122,0.10524,0.11156,0.12115,0.13589,0.15991,0.20377,0.30788,0.63987,1.0106,1.0404,1.0496,1.2618,1.0917,0.66947,0.44307,0.41541,0.60697,0.64663,0.6531,0.33468,0.27103,0.31687,0.66756,0.4328,0.27479,0.20022,0.21794,0.51818,0.52165,0.15618,0.098665,0.086726,0.12745,0.39261,0.13268,0.096689,0.097591,0.14724,0.53182,0.11019,0.090204,0.092157,0.1256,0.7423,0.10369,0.064691,0.062231,0.066499,0.20331,0.050328,0.050295,0.054857,0.068654,0.32057,0.096922,0.062022,0.057269,0.070713,0.17697,0.10171,0.048726,0.043539,0.053253,0.17026,0.15551,0.088754,0.076716,0.082378,0.15617,0.27303,0.082159,0.064841,0.062677,0.083058,0.31904,0.042318,0.03986,0.041763,0.066822,0.42301,0.093289,0.070475,0.066277,0.073361,0.61168,0.034277,0.036633,0.038877,0.039032,0.17788,0.06774,0.055798,0.053471,0.054344,0.10739,0.050493,0.048799,0.049201,0.051632,0.073665,0.04155,0.040064,0.041179,0.04091,0.05726,0.078185,0.051652,0.049272,0.049011,0.062271,0.097609,0.048429,0.047117,0.047015,0.063258,0.15477,0.055379,0.04969,0.048316,0.046167,0.17905,0.047644,0.048698,0.049142,0.051523,0.98823
0.22,0.20275,0.20342,0.20551,0.20919,0.21484,0.22316,0.23906,0.27925,0.33142,0.39966,0.65662,0.92652,1.1023,1.563,1.0476,1.3086,0.61452,1.0423,0.81646,0.43059,0.51321,0.49199,0.30261,0.28077,0.30582,0.8707,0.31867,0.22466,0.21358,0.207,0.25305,0.55161,0.27018,0.24372,0.24295,0.29548,0.85578,0.2517,0.23116,0.24175,0.28897,0.90555,0.16252,0.15371,0.1615,0.20006,1.0478,0.29548,0.22643,0.22317,0.31534,0.73263,0.29977,0.21859,0.19613,0.18967,0.4228,0.32298,0.26045,0.24941,0.26157,0.51283,0.29439,0.18255,0.19144,0.2015,0.29181,0.26831,0.20409,0.20274,0.20765,0.25533,0.30749,0.19134,0.19118,0.19341,0.20869,0.72687,0.21996,0.19731,0.19312,0.20486,0.70857,0.22075,0.20814,0.20498,0.20869,1.5488,0.22508,0.21418,0.21649,0.23262,0.83453,0.18522,0.18792,0.19131,0.19699,0.38476,0.22363,0.19614,0.19623,0.20239,0.33679,0.24781,0.18982,0.18407,0.17714,0.29442,0.29145,0.22316,0.21268,0.21087,0.2251,0.34199,0.20881,0.20808,0.2135,0.24251,0.48341,0.18417,0.18692,0.18847,0.19359,0.9497,0.2183,0.20578,0.20422,0.21177,1.425
0.24,0.44652,0.4488,0.45994,0.47989,0.51125,0.55898,0.63327,0.76096,0.79652,0.81012,0.91857,1.1667,1.188,1.2153,1.5255,1.1913,0.89254,0.7359,0.65299,0.78539,1.2344,1.0898,0.78591,0.67702,0.70262,1.0662,0.61965,0.33794,0.32601,0.3697,0.66082,0.72393,0.42424,0.36196,0.34339,0.41289,0.95279,0.56438,0.48366,0.49265,0.61725,1.0165,0.35731,0.30471,0.30134,0.35312,1.1145,0.54814,0.46458,0.46306,0.54471,1.1703,0.51023,0.36987,0.32974,0.38098,0.95967,0.50278,0.42605,0.42038,0.45493,0.74261,0.57497,0.52395,0.41257,0.42959,0.54018,0.71775,0.44384,0.41949,0.44033,0.59815,0.58464,0.31809,0.29826,0.30825,0.43687,0.84745,0.44749,0.39639,0.38803,0.42348,1.5378,0.39105,0.34426,0.35861,0.43084,1.0526,0.45503,0.39092,0.38532,0.42068,1.0877,0.40134,0.31819,0.3094,0.34126,0.74626,0.48914,0.38968,0.37752,0.40511,0.73076,0.48841,0.37348,0.36201,0.37732,0.55328,0.54586,0.34684,0.33957,0.34992,0.46801,0.63516,0.34312,0.33674,0.35288,0.45542,0.91178,0.40963,0.3683,0.36745,0.42969,0.98251,0.36266,0.3356,0.33868,0.37409,1.3725
0.16,0.35025,0.35158,0.35573,0.36316,0.3749,0.39306,0.42227,0.4786,0.53425,0.48205,0.96262,1.3503,1.2573,1.0638,0.75942,0.74896,0.88532,1.0018,0.80815,0.92997,1.2388,0.36188,0.57421,0.40585,0.39938,0.67839,1.008,0.32811,0.27672,0.28335,0.566,0.57837,0.2719,0.24026,0.2467,0.33477,0.69038,0.25471,0.23007,0.2408,0.29346,0.76022,0.29159,0.27014,0.29312,0.39259,0.67994,0.20925,0.14877,0.1498,0.1653,0.60349,0.46945,0.35229,0.34361,0.41333,0.8464,0.23654,0.20626,0.212,0.23371,0.35856,0.35369,0.18306,0.17782,0.18306,0.243,0.47013,0.20791,0.19045,0.21289,0.57796,0.58038,0.31598,0.28613,0.29804,0.37414,0.38662,0.24567,0.16542,0.15963,0.21655,0.77539,0.26796,0.23824,0.23809,0.26459,0.85946,0.16713,0.15756,0.16371,0.16092,0.78999,0.23718,0.20518,0.20038,0.20117,0.31993,0.16861,0.18124,0.18627,0.19188,0.34648,0.18384,0.17669,0.17632,0.17333,0.22084,0.32447,0.22975,0.21637,0.21707,0.26002,0.32433,0.21391,0.21251,0.22774,0.29718,0.4022,0.17873,0.16922,0.16577,0.22021,0.77083,0.24744,0.21365,0.20225,0.19486,1.8641
0.42,0.16572,0.16769,0.17385,0.185,0.2028,0.2303,0.2734,0.34338,0.46613,0.40457,0.66464,1.1402,0.81918,1.1621,0.68045,0.57399,0.39909,0.21466,0.16168,0.17916,0.6066,0.17449,0.11746,0.11164,0.11536,0.18368,0.16869,0.11442,0.11304,0.12004,0.18208,0.56569,0.21306,0.17567,0.18846,0.32241,0.57178,0.1302,0.12665,0.14007,0.21123,0.66571,0.16455,0.13306,0.13163,0.18252,1.222,0.18132,0.13224,0.12127,0.13808,0.71289,0.18326,0.13762,0.12704,0.12986,0.27287,0.17321,0.11393,0.11043,0.11406,0.21507,0.15755,0.11511,0.10992,0.11146,0.16828,0.19012,0.1161,0.10967,0.1123,0.15955,0.28769,0.13888,0.1241,0.12518,0.15544,0.3252,0.12229,0.11278,0.11634,0.14918,0.8785,0.13454,0.10914,0.10471,0.11211,1.1312,0.14814,0.12809,0.12702,0.14382,0.56061,0.12638,0.10833,0.10617,0.1109,0.3218,0.17462,0.1251,0.11823,0.12178,0.21065,0.14553,0.11269,0.10962,0.11208,0.15478,0.17671,0.11985,0.11553,0.1202,0.16614,0.24382,0.11144,0.1058,0.10694,0.13225,0.38591,0.14873,0.13197,0.13362,0.16103,0.49837,0.10232,0.099284,0.10397,0.12217,1.574
